,Cycle Life,MSE,MAE,RMSE,MAPE,R²
B2C15,207.0,12.8834,3.0764,3.5893,3.710400104522705,-9.3759
B2C35,485.0,1.055,0.9181,1.0271,0.9848999977111816,0.9167
B2C42,491.0,0.8931,0.8008,0.945,0.8371000289916992,0.9442
B2C46,448.0,1.0439,0.8515,1.0217,0.8988000154495239,0.859
B2C08,980.0,7.3269,2.2186,2.7068,2.5018999576568604,0.4377
